Salt,Temperature_C,Molality_molkg,m_free_K,m_free_Cl,m_free_Na,m_free_Mg,m_free_SO4,m_pair_KSO4,m_pair_NaSO4,m_pair_MgSO4,I_eff,I_formal
KCl,5.0,0.0001,0.00010000000007865208,0.00010000000007865208,1.0000000007865208e-16,1.0000000007865208e-16,1.0000000007865234e-16,1.0000000007865208e-16,1.0000000007865208e-16,1.0000000007865208e-16,0.00010004365687264368,0.0001
KCl,10.0,0.0001,0.00010000000009881659,0.00010000000009881659,1.000000000988166e-16,1.000000000988166e-16,1.0000000009881668e-16,1.000000000988166e-16,1.000000000988166e-16,1.000000000988166e-16,0.00010005484945310718,0.0001
KCl,25.0,0.0001,0.00010000000018334954,0.00010000000018334954,1.0000000018334953e-16,1.0000000018334953e-16,1.0000000018334977e-16,1.0000000018334953e-16,1.0000000018334953e-16,1.0000000018334953e-16,0.00010010177057527908,0.0001
KCl,35.0,0.0001,0.00010000000026359122,0.00010000000026359122,1.000000002635912e-16,1.000000002635912e-16,1.0000000026359131e-16,1.000000002635912e-16,1.000000002635912e-16,1.000000002635912e-16,0.0001001463097835596,0.0001
KCl,45.0,0.0001,0.00010000000036620071,0.00010000000036620071,1.0000000036620069e-16,1.0000000036620069e-16,1.0000000036620075e-16,1.0000000036620069e-16,1.0000000036620069e-16,1.0000000036620069e-16,0.00010020326451508452,0.0001
KCl,70.0,0.0001,0.00010000000073334461,0.00010000000073334461,1.000000007333446e-16,1.000000007333446e-16,1.0000000073334485e-16,1.000000007333446e-16,1.000000007333446e-16,1.000000007333446e-16,0.00010040705257858561,0.0001
KCl,90.0,0.0001,0.00010000000114549955,0.00010000000114549955,1.0000000114549956e-16,1.0000000114549956e-16,1.0000000114549979e-16,1.0000000114549956e-16,1.0000000114549956e-16,1.0000000114549956e-16,0.00010063582461731219,0.0001
KCl,5.0,0.001,0.0010000000008045515,0.0010000000008045515,1.0000000008045515e-16,1.0000000008045515e-16,1.0000000008045529e-16,1.0000000008045515e-16,1.0000000008045515e-16,1.0000000008045515e-16,0.0010000446584153707,0.001
KCl,10.0,0.001,0.0010000000010109828,0.0010000000010109828,1.0000000010109827e-16,1.0000000010109827e-16,1.0000000010109832e-16,1.0000000010109827e-16,1.0000000010109827e-16,1.0000000010109827e-16,0.00100005611683554,0.001
KCl,25.0,0.001,0.0010000000018768494,0.0010000000018768494,1.0000000018768493e-16,1.0000000018768493e-16,1.0000000018768498e-16,1.0000000018768493e-16,1.0000000018768493e-16,1.0000000018768493e-16,0.0010001041786865605,0.001
KCl,35.0,0.001,0.0010000000026993458,0.0010000000026993458,1.0000000026993457e-16,1.0000000026993457e-16,1.0000000026993472e-16,1.0000000026993457e-16,1.0000000026993457e-16,1.0000000026993457e-16,0.0010001498331801812,0.001
KCl,45.0,0.001,0.0010000000037518131,0.0010000000037518131,1.0000000037518131e-16,1.0000000037518131e-16,1.0000000037518157e-16,1.0000000037518131e-16,1.0000000037518131e-16,1.0000000037518131e-16,0.0010002082527032236,0.001
KCl,70.0,0.001,0.0010000000075229523,0.0010000000075229523,1.0000000075229522e-16,1.0000000075229522e-16,1.0000000075229547e-16,1.0000000075229522e-16,1.0000000075229522e-16,1.0000000075229522e-16,0.0010004175781485728,0.001
KCl,90.0,0.001,0.001000000011765147,0.001000000011765147,1.000000011765147e-16,1.000000011765147e-16,1.0000000117651474e-16,1.000000011765147e-16,1.000000011765147e-16,1.000000011765147e-16,0.0010006530505707008,0.001
KCl,5.0,0.01,0.010000000008552477,0.010000000008552477,1.0000000008552476e-16,1.0000000008552476e-16,1.0000000008552491e-16,1.0000000008552476e-16,1.0000000008552476e-16,1.0000000008552476e-16,0.010000047480111211,0.01
KCl,10.0,0.01,0.010000000010751353,0.010000000010751353,1.0000000010751353e-16,1.0000000010751353e-16,1.0000000010751368e-16,1.0000000010751353e-16,1.0000000010751353e-16,1.0000000010751353e-16,0.01000005968744465,0.01
KCl,25.0,0.01,0.010000000019987588,0.010000000019987588,1.0000000019987589e-16,1.0000000019987589e-16,1.0000000019987604e-16,1.0000000019987589e-16,1.0000000019987589e-16,1.0000000019987589e-16,0.010000110963525374,0.01
KCl,35.0,0.01,0.010000000028777462,0.010000000028777462,1.0000000028777461e-16,1.0000000028777461e-16,1.0000000028777485e-16,1.0000000028777461e-16,1.0000000028777461e-16,1.0000000028777461e-16,0.010000159761575799,0.01
KCl,45.0,0.01,0.010000000040044392,0.010000000040044392,1.0000000040044391e-16,1.0000000040044391e-16,1.0000000040044415e-16,1.0000000040044391e-16,1.0000000040044391e-16,1.0000000040044391e-16,0.010000222311315433,0.01
KCl,70.0,0.01,0.010000000080564854,0.010000000080564854,1.0000000080564852e-16,1.0000000080564852e-16,1.0000000080564855e-16,1.0000000080564852e-16,1.0000000080564852e-16,1.0000000080564852e-16,0.010000447265578824,0.01
KCl,90.0,0.01,0.010000000126391968,0.010000000126391968,1.000000012639197e-16,1.000000012639197e-16,1.0000000126391993e-16,1.000000012639197e-16,1.000000012639197e-16,1.000000012639197e-16,0.01000070168039446,0.01
KCl,5.0,0.1,0.1000000000973093,0.1000000000973093,1.000000000973093e-16,1.000000000973093e-16,1.0000000009730938e-16,1.000000000973093e-16,1.000000000973093e-16,1.000000000973093e-16,0.1000000541100188,0.1
KCl,10.0,0.1,0.10000000012242635,0.10000000012242635,1.0000000012242633e-16,1.0000000012242633e-16,1.0000000012242649e-16,1.0000000012242633e-16,1.0000000012242633e-16,1.0000000012242633e-16,0.10000006807666226,0.1
KCl,25.0,0.1,0.10000000022822246,0.10000000022822246,1.0000000022822245e-16,1.0000000022822245e-16,1.000000002282225e-16,1.0000000022822245e-16,1.0000000022822245e-16,1.0000000022822245e-16,0.10000012690588107,0.1
KCl,35.0,0.1,0.10000000032927067,0.10000000032927067,1.0000000032927068e-16,1.0000000032927068e-16,1.0000000032927072e-16,1.0000000032927068e-16,1.0000000032927068e-16,1.0000000032927068e-16,0.10000018309496643,0.1
KCl,45.0,0.1,0.10000000045923177,0.10000000045923177,1.0000000045923176e-16,1.0000000045923176e-16,1.0000000045923192e-16,1.0000000045923176e-16,1.0000000045923176e-16,1.0000000045923176e-16,0.10000025536141824,0.1
KCl,70.0,0.1,0.10000000093000598,0.10000000093000598,1.0000000093000598e-16,1.0000000093000598e-16,1.0000000093000621e-16,1.0000000093000598e-16,1.0000000093000598e-16,1.0000000093000598e-16,0.10000051714113925,0.1
KCl,90.0,0.1,0.10000000146801052,0.10000000146801052,1.0000000146801051e-16,1.0000000146801051e-16,1.0000000146801056e-16,1.0000000146801051e-16,1.0000000146801051e-16,1.0000000146801051e-16,0.10000081630511565,0.1
KCl,5.0,0.5,0.5000000005493028,0.5000000005493028,1.0000000010986055e-16,1.0000000010986055e-16,1.000000001098606e-16,1.0000000010986055e-16,1.0000000010986055e-16,1.0000000010986055e-16,0.5000000615287445,0.5
KCl,10.0,0.5,0.5000000006915599,0.5000000006915599,1.0000000013831199e-16,1.0000000013831199e-16,1.0000000013831214e-16,1.0000000013831199e-16,1.0000000013831199e-16,1.0000000013831199e-16,0.5000000774633091,0.5
KCl,25.0,0.5,0.5000000012922162,0.5000000012922162,1.0000000025844326e-16,1.0000000025844326e-16,1.000000002584435e-16,1.0000000025844326e-16,1.0000000025844326e-16,1.0000000025844326e-16,0.5000001447442989,0.5
KCl,35.0,0.5,0.5000000018677289,0.5000000018677289,1.0000000037354578e-16,1.0000000037354578e-16,1.0000000037354581e-16,1.0000000037354578e-16,1.0000000037354578e-16,1.0000000037354578e-16,0.50000020920886,0.5
KCl,45.0,0.5,0.5000000026100889,0.5000000026100889,1.0000000052201778e-16,1.0000000052201778e-16,1.0000000052201786e-16,1.0000000052201778e-16,1.0000000052201778e-16,1.0000000052201778e-16,0.5000002923624183,0.5
KCl,70.0,0.5,0.5000000053161835,0.5000000053161835,1.0000000106323669e-16,1.0000000106323669e-16,1.0000000106323669e-16,1.0000000106323693e-16,1.0000000106323669e-16,1.0000000106323669e-16,0.5000005954786431,0.5
KCl,90.0,0.5,0.5000000084368069,0.5000000084368069,1.0000000168736141e-16,1.0000000168736141e-16,1.0000000168736141e-16,1.0000000168736144e-16,1.0000000168736141e-16,1.0000000168736141e-16,0.5000009450272735,0.5
KCl,5.0,1.0,1.0000000011529195,1.0000000011529195,1.0000000011529197e-16,1.0000000011529197e-16,1.0000000011529222e-16,1.0000000011529197e-16,1.0000000011529197e-16,1.0000000011529197e-16,1.0000000651471308,1.0
KCl,10.0,1.0,1.0000000014518944,1.0000000014518944,1.0000000014518944e-16,1.0000000014518944e-16,1.0000000014518953e-16,1.0000000014518944e-16,1.0000000014518944e-16,1.0000000014518944e-16,1.000000082041054,1.0
KCl,25.0,1.0,1.000000002715502,1.000000002715502,1.000000002715502e-16,1.000000002715502e-16,1.0000000027155034e-16,1.000000002715502e-16,1.000000002715502e-16,1.000000002715502e-16,1.000000153442749,1.0
KCl,35.0,1.0,1.0000000039277646,1.0000000039277648,1.0000000039277647e-16,1.0000000039277647e-16,1.0000000039277647e-16,1.0000000039277671e-16,1.0000000039277647e-16,1.0000000039277647e-16,1.0000002219431257,1.0
KCl,45.0,1.0,1.0000000054933416,1.0000000054933418,1.0000000054933417e-16,1.0000000054933417e-16,1.0000000054933417e-16,1.0000000054933442e-16,1.0000000054933417e-16,1.0000000054933417e-16,1.000000310407959,1.0
KCl,70.0,1.0,1.000000011214863,1.0000000112148633,1.0000000112148631e-16,1.0000000112148631e-16,1.0000000112148631e-16,1.0000000112148636e-16,1.0000000112148631e-16,1.0000000112148631e-16,1.0000006337094876,1.0
KCl,90.0,1.0,1.0000000178370332,1.0000000178370334,1.0000000178370333e-16,1.0000000178370333e-16,1.0000000178370333e-16,1.0000000178370337e-16,1.0000000178370333e-16,1.0000000178370333e-16,1.000001007903265,1.0
NaCl,5.0,0.000104,1.000000000786691e-16,0.00010400000008181585,0.00010400000008181585,1.000000000786691e-16,1.0000000007866919e-16,1.000000000786691e-16,1.000000000786691e-16,1.000000000786691e-16,0.00010404366632112171,0.000104
NaCl,10.0,0.000104,1.0000000009883813e-16,0.00010400000010279164,0.00010400000010279164,1.0000000009883813e-16,1.0000000009883817e-16,1.0000000009883813e-16,1.0000000009883813e-16,1.0000000009883813e-16,0.00010405486140917488,0.000104
NaCl,25.0,0.000104,1.0000000018339044e-16,0.00010400000019072605,0.00010400000019072605,1.0000000018339044e-16,1.0000000018339068e-16,1.0000000018339044e-16,1.0000000018339044e-16,1.0000000018339044e-16,0.00010410179328923345,0.000104
NaCl,35.0,0.000104,1.0000000026365107e-16,0.00010400000027419711,0.00010400000027419711,1.0000000026365107e-16,1.0000000026365112e-16,1.0000000026365107e-16,1.0000000026365107e-16,1.0000000026365107e-16,0.00010414634301188183,0.000104
NaCl,45.0,0.000104,1.0000000036628537e-16,0.0001040000003809368,0.0001040000003809368,1.0000000036628537e-16,1.0000000036628563e-16,1.0000000036628537e-16,1.0000000036628537e-16,1.0000000036628537e-16,0.000104203311547505,0.000104
NaCl,70.0,0.000104,1.0000000073352321e-16,0.00010400000076286413,0.00010400000076286413,1.0000000073352321e-16,1.0000000073352336e-16,1.0000000073352321e-16,1.0000000073352321e-16,1.0000000073352321e-16,0.00010440715174375911,0.000104
NaCl,90.0,0.000104,1.0000000114579161e-16,0.00010400000119162326,0.00010400000119162326,1.0000000114579161e-16,1.0000000114579184e-16,1.0000000114579161e-16,1.0000000114579161e-16,1.0000000114579161e-16,0.00010463598676354735,0.000104
NaCl,5.0,0.00099,1.0000000008044233e-16,0.000990000000796379,0.000990000000796379,1.0000000008044233e-16,1.0000000008044238e-16,1.0000000008044233e-16,1.0000000008044233e-16,1.0000000008044233e-16,0.0009900446512866295,0.00099
NaCl,10.0,0.00099,1.0000000010108202e-16,0.0009900000010007119,0.0009900000010007119,1.0000000010108202e-16,1.0000000010108206e-16,1.0000000010108202e-16,1.0000000010108202e-16,1.0000000010108202e-16,0.00099005610781459,0.00099
NaCl,25.0,0.00099,1.000000001876541e-16,0.0009900000018577756,0.0009900000018577756,1.000000001876541e-16,1.0000000018765435e-16,1.000000001876541e-16,1.000000001876541e-16,1.000000001876541e-16,0.0009901041615453547,0.00099
NaCl,35.0,0.00099,1.0000000026988944e-16,0.0009900000026719054,0.0009900000026719054,1.0000000026988944e-16,1.0000000026988954e-16,1.0000000026988944e-16,1.0000000026988944e-16,1.0000000026988944e-16,0.0009901498080986846,0.00099
NaCl,45.0,0.00099,1.0000000037511741e-16,0.0009900000037136622,0.0009900000037136622,1.0000000037511741e-16,1.0000000037511764e-16,1.0000000037511741e-16,1.0000000037511741e-16,1.0000000037511741e-16,0.000990208217191397,0.00099
NaCl,70.0,0.00099,1.0000000075216032e-16,0.0009900000074463873,0.0009900000074463873,1.0000000075216032e-16,1.0000000075216047e-16,1.0000000075216032e-16,1.0000000075216032e-16,1.0000000075216032e-16,0.0009904175031897105,0.00099
NaCl,90.0,0.00099,1.0000000117629383e-16,0.0009900000116453088,0.0009900000116453088,1.0000000117629383e-16,1.0000000117629397e-16,1.0000000117629383e-16,1.0000000117629383e-16,1.0000000117629383e-16,0.0009906529278455984,0.00099
NaCl,5.0,0.01,1.0000000008552476e-16,0.010000000008552477,0.010000000008552477,1.0000000008552476e-16,1.0000000008552487e-16,1.0000000008552476e-16,1.0000000008552476e-16,1.0000000008552476e-16,0.010000047480111211,0.01
NaCl,10.0,0.01,1.0000000010751353e-16,0.010000000010751353,0.010000000010751353,1.0000000010751353e-16,1.0000000010751353e-16,1.0000000010751353e-16,1.0000000010751353e-16,1.0000000010751353e-16,0.010000059687444648,0.01
NaCl,25.0,0.01,1.0000000019987589e-16,0.010000000019987588,0.010000000019987588,1.0000000019987589e-16,1.0000000019987613e-16,1.0000000019987589e-16,1.0000000019987589e-16,1.0000000019987589e-16,0.010000110963525372,0.01
NaCl,35.0,0.01,1.0000000028777461e-16,0.010000000028777462,0.010000000028777462,1.0000000028777461e-16,1.0000000028777485e-16,1.0000000028777461e-16,1.0000000028777461e-16,1.0000000028777461e-16,0.010000159761575797,0.01
NaCl,45.0,0.01,1.0000000040044391e-16,0.010000000040044392,0.010000000040044392,1.0000000040044391e-16,1.0000000040044395e-16,1.0000000040044391e-16,1.0000000040044391e-16,1.0000000040044391e-16,0.010000222311315433,0.01
NaCl,70.0,0.01,1.0000000080564852e-16,0.010000000080564854,0.010000000080564854,1.0000000080564852e-16,1.0000000080564866e-16,1.0000000080564852e-16,1.0000000080564852e-16,1.0000000080564852e-16,0.010000447265578825,0.01
NaCl,90.0,0.01,1.000000012639197e-16,0.010000000126391968,0.010000000126391968,1.000000012639197e-16,1.0000000126391993e-16,1.000000012639197e-16,1.000000012639197e-16,1.000000012639197e-16,0.01000070168039446,0.01
NaCl,5.0,0.1,1.000000000973093e-16,0.1000000000973093,0.1000000000973093,1.000000000973093e-16,1.0000000009730938e-16,1.000000000973093e-16,1.000000000973093e-16,1.000000000973093e-16,0.10000005411001879,0.1
NaCl,10.0,0.1,1.0000000012242633e-16,0.10000000012242635,0.10000000012242635,1.0000000012242633e-16,1.0000000012242659e-16,1.0000000012242633e-16,1.0000000012242633e-16,1.0000000012242633e-16,0.10000006807666223,0.1
NaCl,25.0,0.1,1.0000000022822245e-16,0.10000000022822246,0.10000000022822246,1.0000000022822245e-16,1.0000000022822254e-16,1.0000000022822245e-16,1.0000000022822245e-16,1.0000000022822245e-16,0.10000012690588105,0.1
NaCl,35.0,0.1,1.0000000032927068e-16,0.10000000032927067,0.10000000032927067,1.0000000032927068e-16,1.0000000032927092e-16,1.0000000032927068e-16,1.0000000032927068e-16,1.0000000032927068e-16,0.10000018309496642,0.1
NaCl,45.0,0.1,1.0000000045923176e-16,0.10000000045923177,0.10000000045923177,1.0000000045923176e-16,1.0000000045923187e-16,1.0000000045923176e-16,1.0000000045923176e-16,1.0000000045923176e-16,0.10000025536141821,0.1
NaCl,70.0,0.1,1.0000000093000598e-16,0.10000000093000598,0.10000000093000598,1.0000000093000598e-16,1.0000000093000613e-16,1.0000000093000598e-16,1.0000000093000598e-16,1.0000000093000598e-16,0.10000051714113924,0.1
NaCl,90.0,0.1,1.0000000146801051e-16,0.10000000146801052,0.10000000146801052,1.0000000146801051e-16,1.0000000146801066e-16,1.0000000146801051e-16,1.0000000146801051e-16,1.0000000146801051e-16,0.10000081630511562,0.1
NaCl,5.0,0.5,1.0000000010986055e-16,0.5000000005493028,0.5000000005493028,1.0000000010986055e-16,1.000000001098606e-16,1.0000000010986055e-16,1.0000000010986055e-16,1.0000000010986055e-16,0.5000000615287447,0.5
NaCl,10.0,0.5,1.0000000013831199e-16,0.5000000006915599,0.5000000006915599,1.0000000013831199e-16,1.0000000013831203e-16,1.0000000013831199e-16,1.0000000013831199e-16,1.0000000013831199e-16,0.5000000774633092,0.5
NaCl,25.0,0.5,1.0000000025844326e-16,0.5000000012922162,0.5000000012922162,1.0000000025844326e-16,1.0000000025844337e-16,1.0000000025844326e-16,1.0000000025844326e-16,1.0000000025844326e-16,0.5000001447442991,0.5
NaCl,35.0,0.5,1.0000000037354578e-16,0.5000000018677289,0.5000000018677289,1.0000000037354578e-16,1.0000000037354604e-16,1.0000000037354578e-16,1.0000000037354578e-16,1.0000000037354578e-16,0.5000002092088601,0.5
NaCl,45.0,0.5,1.0000000052201778e-16,0.5000000026100889,0.5000000026100889,1.0000000052201778e-16,1.0000000052201786e-16,1.0000000052201778e-16,1.0000000052201778e-16,1.0000000052201778e-16,0.5000002923624185,0.5
NaCl,70.0,0.5,1.0000000106323669e-16,0.5000000053161835,0.5000000053161835,1.0000000106323669e-16,1.0000000106323685e-16,1.0000000106323669e-16,1.0000000106323669e-16,1.0000000106323669e-16,0.5000005954786432,0.5
NaCl,90.0,0.5,1.0000000168736141e-16,0.5000000084368069,0.5000000084368069,1.0000000168736141e-16,1.0000000168736164e-16,1.0000000168736141e-16,1.0000000168736141e-16,1.0000000168736141e-16,0.5000009450272738,0.5
NaCl,5.0,0.9999,1.0000000011529125e-16,0.9999000011527973,0.9999000011527973,1.0000000011529125e-16,1.000000001152915e-16,1.0000000011529125e-16,1.0000000011529125e-16,1.0000000011529125e-16,0.9999000651466055,0.9999
NaCl,10.0,0.9999,1.000000001451885e-16,0.9999000014517397,0.9999000014517397,1.000000001451885e-16,1.0000000014518855e-16,1.000000001451885e-16,1.000000001451885e-16,1.000000001451885e-16,0.9999000820403887,0.9999
NaCl,25.0,0.9999,1.0000000027154843e-16,0.9999000027152127,0.9999000027152127,1.0000000027154843e-16,1.0000000027154868e-16,1.0000000027154843e-16,1.0000000027154843e-16,1.0000000027154843e-16,0.9999001534414844,0.9999
NaCl,35.0,0.9999,1.0000000039277389e-16,0.9999000039273461,0.9999000039273461,1.0000000039277389e-16,1.0000000039277395e-16,1.0000000039277389e-16,1.0000000039277389e-16,1.0000000039277389e-16,0.9999002219412751,0.9999
NaCl,45.0,0.9999,1.000000005493305e-16,0.9999000054927556,0.9999000054927556,1.000000005493305e-16,1.0000000054933064e-16,1.000000005493305e-16,1.000000005493305e-16,1.000000005493305e-16,0.9999003104053362,0.9999
NaCl,70.0,0.9999,1.0000000112147847e-16,0.9999000112136632,0.9999000112136632,1.0000000112147847e-16,1.0000000112147851e-16,1.0000000112147847e-16,1.0000000112147847e-16,1.0000000112147847e-16,0.9999006337039302,0.9999
NaCl,90.0,0.9999,1.000000017836903e-16,0.9999000178351194,0.9999000178351194,1.000000017836903e-16,1.0000000178369035e-16,1.000000017836903e-16,1.000000017836903e-16,1.000000017836903e-16,0.9999010078941225,0.9999
MgCl2,5.0,0.000119,1.000000000806197e-16,0.0002380000001918749,1.000000000806197e-16,0.000118998664232146,1.0000000008061978e-16,1.000000000806197e-16,1.000000000806197e-16,1.000000000806197e-16,0.000357042077505533,0.000357
MgCl2,10.0,0.000119,1.000000001013774e-16,0.00023800000024127825,1.000000001013774e-16,0.00011899823224155375,1.000000001013775e-16,1.000000001013774e-16,1.000000001013774e-16,1.000000001013774e-16,0.0003570527353641887,0.000357
MgCl2,25.0,0.000119,1.0000000018875643e-16,0.0002380000004492403,1.0000000018875643e-16,0.00011899605136275793,1.0000000018875653e-16,1.0000000018875643e-16,1.0000000018875643e-16,1.0000000018875643e-16,0.0003570968745035311,0.000357
MgCl2,35.0,0.000119,1.0000000027221762e-16,0.00023800000064787795,1.0000000027221762e-16,0.00011899344545999871,1.000000002722177e-16,1.0000000027221762e-16,1.0000000027221762e-16,1.0000000027221762e-16,0.00035713798894189706,0.000357
MgCl2,45.0,0.000119,1.0000000037967727e-16,0.00023800000090363192,1.0000000037967727e-16,0.00011898935214849753,1.0000000037967742e-16,1.0000000037967727e-16,1.0000000037967727e-16,1.0000000037967727e-16,0.00035718944923835696,0.000357
MgCl2,70.0,0.000119,1.0000000077145968e-16,0.00023800000183607406,1.0000000077145968e-16,0.00011896714899334274,1.0000000077145972e-16,1.0000000077145968e-16,1.0000000077145968e-16,1.0000000077145968e-16,0.00035736250698134114,0.000357
MgCl2,90.0,0.000119,1.0000000122768864e-16,0.00023800000292189904,1.0000000122768864e-16,0.00011892533025063072,1.0000000122768872e-16,1.0000000122768864e-16,1.0000000122768864e-16,1.0000000122768864e-16,0.00035753210549362526,0.000357
MgCl2,5.0,0.000984,1.0000000009085365e-16,0.0019680000017880004,1.0000000009085365e-16,0.0009839908918609624,1.000000000908539e-16,1.0000000009085365e-16,1.0000000009085365e-16,1.0000000009085365e-16,0.0029520322140523395,0.002952
MgCl2,10.0,0.000984,1.0000000011472802e-16,0.0019680000022578477,1.0000000011472802e-16,0.0009839880032250876,1.0000000011472825e-16,1.0000000011472802e-16,1.0000000011472802e-16,1.0000000011472802e-16,0.0029520396887587276,0.002952
MgCl2,25.0,0.000984,1.000000002171412e-16,0.0019680000042733388,1.000000002171412e-16,0.0009839736849618604,1.0000000021714143e-16,1.000000002171412e-16,1.000000002171412e-16,1.000000002171412e-16,0.002952067898915629,0.002952
MgCl2,35.0,0.000984,1.0000000031765898e-16,0.0019680000062515285,1.0000000031765898e-16,0.0009839569957167881,1.0000000031765921e-16,1.0000000031765898e-16,1.0000000031765898e-16,1.0000000031765898e-16,0.002952090315029492,0.002952
MgCl2,45.0,0.000984,1.0000000045077408e-16,0.001968000008871234,1.0000000045077408e-16,0.0009839314359969588,1.0000000045077434e-16,1.0000000045077408e-16,1.0000000045077408e-16,1.0000000045077408e-16,0.00295211308407049,0.002952
MgCl2,70.0,0.000984,1.0000000097065046e-16,0.001968000019102401,1.0000000097065046e-16,0.00098380122433398,1.0000000097065055e-16,1.0000000097065046e-16,1.0000000097065046e-16,1.0000000097065046e-16,0.0029521412295621416,0.002952
MgCl2,90.0,0.000984,1.0000000164621568e-16,0.001968000032397525,1.0000000164621568e-16,0.000983577679097505,1.0000000164621584e-16,1.0000000164621568e-16,1.0000000164621568e-16,1.0000000164621568e-16,0.0029520691264421075,0.002952
MgCl2,5.0,0.01137,1.0000000014884397e-16,0.02274000003384712,1.0000000014884397e-16,0.011369948142412158,1.0000000014884401e-16,1.0000000014884397e-16,1.0000000014884397e-16,1.0000000014884397e-16,0.034109978919408805,0.03411
MgCl2,10.0,0.01137,1.0000000019010417e-16,0.022740000043229687,1.0000000019010417e-16,0.011369932570231717,1.0000000019010421e-16,1.0000000019010417e-16,1.0000000019010417e-16,1.0000000019010417e-16,0.0341099706817214,0.03411
MgCl2,25.0,0.01137,1.0000000037495684e-16,0.022740000085265184,1.0000000037495684e-16,0.011369858797973437,1.0000000037495688e-16,1.0000000037495684e-16,1.0000000037495684e-16,1.0000000037495684e-16,0.034109925762925736,0.03411
MgCl2,35.0,0.01137,1.0000000056661678e-16,0.022740000128848657,1.0000000056661678e-16,0.011369777480153847,1.0000000056661702e-16,1.0000000056661678e-16,1.0000000056661678e-16,1.0000000056661678e-16,0.03410986953227557,0.03411
MgCl2,45.0,0.01137,1.0000000083305119e-16,0.022740000189435842,1.0000000083305119e-16,0.011369659026845932,1.0000000083305119e-16,1.0000000083305119e-16,1.0000000083305119e-16,1.0000000083305125e-16,0.03410978054361298,0.03411
MgCl2,70.0,0.01137,1.0000000197441489e-16,0.022740000448981945,1.0000000197441489e-16,0.01136911279663118,1.0000000197441489e-16,1.0000000197441489e-16,1.0000000197441489e-16,1.0000000197441492e-16,0.034109321740755184,0.03411
MgCl2,90.0,0.01137,1.0000000361687575e-16,0.022740000822477548,1.0000000361687575e-16,0.011368274576434393,1.0000000361687575e-16,1.0000000361687575e-16,1.0000000361687575e-16,1.0000000361687582e-16,0.034108557155006027,0.03411
MgCl2,5.0,0.09942,1.0000000032284279e-16,0.1988400006419406,1.0000000032284279e-16,0.09941984040433788,1.0000000032284279e-16,1.0000000032284279e-16,1.0000000032284279e-16,1.0000000032284305e-16,0.2982598603274671,0.29825999999999997
MgCl2,10.0,0.09942,1.0000000041459965e-16,0.1988400008243899,1.0000000041459965e-16,0.09941979407081707,1.0000000041459965e-16,1.0000000041459965e-16,1.0000000041459965e-16,1.0000000041459974e-16,0.29825981868240686,0.29825999999999997
MgCl2,25.0,0.09942,1.0000000083288276e-16,0.19884000165610402,1.0000000083288276e-16,0.09941957980714333,1.0000000083288276e-16,1.0000000083288276e-16,1.0000000083288276e-16,1.0000000083288279e-16,0.2982596227440411,0.29825999999999997
MgCl2,35.0,0.09942,1.0000000127475677e-16,0.19884000253472636,1.0000000127475677e-16,0.09941934997895081,1.0000000127475677e-16,1.0000000127475677e-16,1.0000000127475677e-16,1.0000000127475702e-16,0.29825940879452,0.29825999999999997
MgCl2,45.0,0.09942,1.0000000189747251e-16,0.19884000377293432,1.0000000189747251e-16,0.09941902241804469,1.0000000189747251e-16,1.0000000189747251e-16,1.0000000189747251e-16,1.000000018974726e-16,0.2982590999377626,0.29825999999999997
MgCl2,70.0,0.09942,1.0000000461684721e-16,0.19884000918013897,1.0000000461684721e-16,0.09941756722815887,1.0000000461684721e-16,1.0000000461684721e-16,1.0000000461684721e-16,1.000000046168473e-16,0.2982577016836076,0.29825999999999997
MgCl2,90.0,0.09942,1.0000000857975382e-16,0.19884001705998247,1.0000000857975382e-16,0.09941541543104335,1.0000000857975382e-16,1.0000000857975382e-16,1.0000000857975382e-16,1.0000000857975405e-16,0.29825560168882403,0.29825999999999997
MgCl2,5.0,0.3609,1.0000000061751955e-16,0.7218000044572561,1.0000000061751955e-16,0.36089967176362636,1.0000000061751955e-16,1.0000000061751955e-16,1.0000000061751955e-16,1.000000006175198e-16,1.082699688517621,1.0827
MgCl2,10.0,0.3609,1.0000000079381245e-16,0.7218000057297382,1.0000000079381245e-16,0.36089957742081097,1.0000000079381245e-16,1.0000000079381245e-16,1.0000000079381245e-16,1.0000000079381268e-16,1.0826995983217487,1.0827
MgCl2,25.0,0.3609,1.0000000159969199e-16,0.7218000115465768,1.0000000159969199e-16,0.36089914418503966,1.0000000159969199e-16,1.0000000159969199e-16,1.0000000159969199e-16,1.0000000159969205e-16,1.082699182071875,1.0827
MgCl2,35.0,0.3609,1.0000000245318187e-16,0.7218000177070667,1.0000000245318187e-16,0.3608986831257378,1.0000000245318187e-16,1.0000000245318187e-16,1.0000000245318187e-16,1.0000000245318198e-16,1.0826987367734433,1.0827
MgCl2,45.0,0.3609,1.0000000365762352e-16,0.7218000264007266,1.0000000365762352e-16,0.36089803015200284,1.0000000365762352e-16,1.0000000365762352e-16,1.0000000365762352e-16,1.0000000365762356e-16,1.0826981037128085,1.0827
MgCl2,70.0,0.3609,1.0000000892011505e-16,0.7218000643853905,1.0000000892011505e-16,0.36089516161183366,1.0000000892011505e-16,1.0000000892011505e-16,1.0000000892011505e-16,1.0000000892011514e-16,1.082695306634752,1.0827
MgCl2,90.0,0.3609,1.000000165720418e-16,0.7218001196169977,1.000000165720418e-16,0.3608909711437493,1.000000165720418e-16,1.000000165720418e-16,1.000000165720418e-16,1.0000001657204203e-16,1.0826912006094322,1.0827
Na2SO4,5.0,0.0001,1.0000000007951405e-16,1.0000000007951405e-16,0.0001999190667948889,1.0000000007951405e-16,9.991880127645747e-05,1.0000000007951405e-16,8.09333642392039e-08,1.0000000007951405e-16,0.00029988173788184845,0.00030000000000000003
Na2SO4,10.0,0.0001,1.0000000009993377e-16,1.0000000009993377e-16,0.000199916169243629,1.0000000009993377e-16,9.991580401585333e-05,1.0000000009993377e-16,8.383095633856254e-08,1.0000000009993377e-16,0.0002998870775895428,0.00030000000000000003
Na2SO4,25.0,0.0001,1.0000000018567413e-16,1.0000000018567413e-16,0.00019990752635452215,1.0000000018567413e-16,9.990660898863895e-05,1.0000000018567413e-16,9.247401692612649e-08,1.0000000018567413e-16,0.00029991627884843773,0.00030000000000000003
Na2SO4,35.0,0.0001,1.0000000026727113e-16,1.0000000026727113e-16,0.00019990182486595332,1.0000000026727113e-16,9.990017459980914e-05,1.0000000026727113e-16,9.817566868894828e-08,1.0000000026727113e-16,0.0002999487015526016,0.00030000000000000003
Na2SO4,45.0,0.0001,1.0000000037193189e-16,1.0000000037193189e-16,0.0001998961873631951,1.0000000037193189e-16,9.989327547334063e-05,1.0000000037193189e-16,1.0381338076864699e-07,1.0000000037193189e-16,0.0002999929966386373,0.00030000000000000003
Na2SO4,70.0,0.0001,1.0000000075000281e-16,1.0000000075000281e-16,0.00019988244817940165,1.0000000075000281e-16,9.987128677126508e-05,1.0000000075000281e-16,1.1755332070397388e-07,1.0000000075000281e-16,0.00030015887248771854,0.00030000000000000003
Na2SO4,90.0,0.0001,1.0000000118394051e-16,1.0000000118394051e-16,0.00019987190469154974,1.0000000118394051e-16,9.984145876772796e-05,1.0000000118394051e-16,1.2809767643125915e-07,1.0000000118394051e-16,0.0003003400793128739,0.00030000000000000003
Na2SO4,5.0,0.001,1.0000000008436978e-16,1.0000000008436978e-16,0.0019931154707973292,1.0000000008436978e-16,0.000993113161294444,1.0000000008436978e-16,6.884530890167265e-06,1.0000000008436978e-16,0.0029862731539125748,0.003
Na2SO4,10.0,0.001,1.0000000010627814e-16,1.0000000010627814e-16,0.001992878822853067,1.0000000010627814e-16,0.0009928756555568085,1.0000000010627814e-16,7.121179272595774e-06,1.0000000010627814e-16,0.002985810303148118,0.003
Na2SO4,25.0,0.001,1.000000001992455e-16,1.000000001992455e-16,0.001992180013440078,1.000000001992455e-16,0.0009921721474246636,1.000000001992455e-16,7.819990544932054e-06,1.000000001992455e-16,0.00298445489047424,0.003
Na2SO4,35.0,0.001,1.0000000028919705e-16,1.0000000028919705e-16,0.0019917253525954374,1.0000000028919705e-16,0.0009917113429055862,1.0000000028919705e-16,8.27465318860361e-06,1.0000000028919705e-16,0.002983583211036647,0.003
Na2SO4,45.0,0.001,1.0000000040679453e-16,1.0000000040679453e-16,0.0019912812556053413,1.0000000040679453e-16,0.0009912568438476615,1.0000000040679453e-16,8.718752530649391e-06,1.0000000040679453e-16,0.002982739488012578,0.003
Na2SO4,70.0,0.001,1.0000000085583582e-16,1.0000000085583582e-16,0.001990224840556612,1.0000000085583582e-16,0.000990135597486223,1.0000000085583582e-16,9.775176560204405e-06,1.0000000085583582e-16,0.002980746245617694,0.003
Na2SO4,90.0,0.001,1.0000000143112101e-16,1.0000000143112101e-16,0.001989443382864186,1.0000000143112101e-16,0.0009892145877552826,1.0000000143112101e-16,1.0556645758333796e-05,1.0000000143112101e-16,0.002979223550951158,0.003
Na2SO4,5.0,0.01,1.0000000010448689e-16,1.0000000010448689e-16,0.019557475392944102,1.0000000010448689e-16,0.009557460402591391,1.0000000010448689e-16,0.0004425246279533793,1.0000000010448689e-16,0.029114978812348855,0.03
Na2SO4,10.0,0.01,1.0000000013290958e-16,1.0000000013290958e-16,0.0195441344909291,1.0000000013290958e-16,0.009544114176480165,1.0000000013290958e-16,0.00045586553565291917,1.0000000013290958e-16,0.02908830213933122,0.03
Na2SO4,25.0,0.01,1.000000002584962e-16,1.000000002584962e-16,0.019505875498050513,1.000000002584962e-16,0.009505827194174974,1.000000002584962e-16,0.0004941245536488277,1.000000002584962e-16,0.02901179789565967,0.03
Na2SO4,35.0,0.01,1.0000000038716498e-16,1.0000000038716498e-16,0.019481966057098826,1.0000000038716498e-16,0.009481883076821187,1.0000000038716498e-16,0.0005180340203342683,1.0000000038716498e-16,0.028963981092982285,0.03
Na2SO4,45.0,0.01,1.000000005653702e-16,1.000000005653702e-16,0.019459432043764116,1.000000005653702e-16,0.009459293437138637,1.000000005653702e-16,0.0005405680693100261,1.000000005653702e-16,0.028918900746421748,0.03
Na2SO4,70.0,0.01,1.0000000134087391e-16,1.0000000134087391e-16,0.019409538889631338,1.0000000134087391e-16,0.009409095059274609,1.0000000134087391e-16,0.0005904613785435463,1.0000000134087391e-16,0.028818934521017706,0.03
Na2SO4,90.0,0.01,1.0000000251833163e-16,1.0000000251833163e-16,0.019376658944066892,1.0000000251833163e-16,0.009375656569935253,1.0000000251833163e-16,0.0006233415595995408,1.0000000251833163e-16,0.028752711222322456,0.03
Na2SO4,5.0,0.1001,1.0000000016773934e-16,1.0000000016773934e-16,0.1821765912653483,1.0000000016773934e-16,0.08207653438396309,1.0000000016773934e-16,0.01802340907046595,1.0000000016773934e-16,0.264253162041586,0.3003
Na2SO4,10.0,0.1001,1.0000000021640127e-16,1.0000000021640127e-16,0.1817835274154185,1.0000000021640127e-16,0.08168345174869904,1.0000000021640127e-16,0.01841647301781693,1.0000000021640127e-16,0.26346702383016724,0.3003
Na2SO4,25.0,0.1001,1.0000000044149175e-16,1.0000000044149175e-16,0.1807223880731045,1.0000000044149175e-16,0.0806222187728024,1.0000000044149175e-16,0.019477612810762095,1.0000000044149175e-16,0.261344683042891,0.3003
Na2SO4,35.0,0.1001,1.0000000068488409e-16,1.0000000068488409e-16,0.180113427179413,1.0000000068488409e-16,0.08001314872436599,1.0000000068488409e-16,0.020086574191725035,1.0000000068488409e-16,0.26012667828754654,0.3003
Na2SO4,45.0,0.1001,1.0000000103706014e-16,1.0000000103706014e-16,0.17958270498052756,1.0000000103706014e-16,0.07948226005221236,1.0000000103706014e-16,0.020617297095666964,1.0000000103706014e-16,0.2590650967753681,0.3003
Na2SO4,70.0,0.1001,1.0000000268255798e-16,1.0000000268255798e-16,0.17859236738594417,1.0000000268255798e-16,0.07849108572666842,1.0000000268255798e-16,0.02160763798453701,1.0000000268255798e-16,0.2570836631250157,0.3003
Na2SO4,90.0,0.1001,1.0000000532934221e-16,1.0000000532934221e-16,0.17813741383501383,1.0000000532934221e-16,0.07803471527150034,1.0000000532934221e-16,0.022062596834329342,1.0000000532934221e-16,0.2561723939939033,0.3003
Na2SO4,5.0,0.1989,1.0000000019609854e-16,1.0000000019609854e-16,0.3475001314813307,1.0000000019609854e-16,0.14860005663023845,1.0000000019609854e-16,0.05029986929874947,1.0000000019609854e-16,0.4961002224973984,0.5967
Na2SO4,10.0,0.1989,1.0000000025360866e-16,1.0000000025360866e-16,0.34656058660243866,1.0000000025360866e-16,0.14766048744617624,1.0000000025360866e-16,0.05123941440641669,1.0000000025360866e-16,0.49422111616535874,0.5967
Na2SO4,25.0,0.1989,1.0000000052143251e-16,1.0000000052143251e-16,0.3440814450470649,1.0000000052143251e-16,0.14518122598146802,1.0000000052143251e-16,0.05371855702719371,1.0000000052143251e-16,0.4892627424275273,0.5967
Na2SO4,35.0,0.1989,1.0000000081308098e-16,1.0000000081308098e-16,0.34270513255460533,1.0000000081308098e-16,0.14380477518811074,1.0000000081308098e-16,0.05509487067983099,1.0000000081308098e-16,0.48651000330393224,0.5967
Na2SO4,45.0,0.1989,1.0000000123718201e-16,1.0000000123718201e-16,0.34154331374540275,1.0000000123718201e-16,0.14264274711288435,1.0000000123718201e-16,0.05625669117610735,1.0000000123718201e-16,0.48418618339944586,0.5967
Na2SO4,70.0,0.1989,1.000000032318891e-16,1.000000032318891e-16,0.3395396146352455,1.000000032318891e-16,0.14063800857972555,1.000000032318891e-16,0.0582603982212094,1.000000032318891e-16,0.4801778174870476,0.5967
Na2SO4,90.0,0.1989,1.0000000645320482e-16,1.0000000645320482e-16,0.3388206172251096,1.0000000645320482e-16,0.1399172673054058,1.0000000645320482e-16,0.058979408445739345,1.0000000645320482e-16,0.4787381293760937,0.5967
Na2SO4,5.0,0.4999,1.0000000022912318e-16,1.0000000022912318e-16,0.8084060018389567,1.0000000022912318e-16,0.3085059066925816,1.0000000022912318e-16,0.191394000451817,1.0000000022912318e-16,1.1169119417081677,1.4997
Na2SO4,10.0,0.4999,1.0000000029670041e-16,1.0000000029670041e-16,0.8057079461068789,1.0000000029670041e-16,0.3058078205408999,1.0000000029670041e-16,0.1940920568595318,1.0000000029670041e-16,1.1115158072521731,1.4997
Na2SO4,25.0,0.4999,1.0000000061243364e-16,1.0000000061243364e-16,0.7988099190082769,1.0000000061243364e-16,0.29890964470641784,1.0000000061243364e-16,0.20099008711483496,1.0000000061243364e-16,1.097719632413139,1.4997
Na2SO4,35.0,0.4999,1.0000000095729056e-16,1.0000000095729056e-16,0.7951545130214209,1.0000000095729056e-16,0.29525406875172977,1.0000000095729056e-16,0.2046454965495703,1.0000000095729056e-16,1.090408673644724,1.4997
Na2SO4,45.0,0.4999,1.0000000145961782e-16,1.0000000145961782e-16,0.7922085456316896,1.0000000145961782e-16,0.2923078459383311,1.0000000145961782e-16,0.2075914689615695,1.0000000145961782e-16,1.084516509351926,1.4997
Na2SO4,70.0,0.4999,1.0000000382454754e-16,1.0000000382454754e-16,0.7877384155845591,1.0000000382454754e-16,0.28783646079499564,1.0000000382454754e-16,0.2120616226532674,1.0000000382454754e-16,1.0755750635705486,1.4997
Na2SO4,90.0,0.4999,1.0000000763724636e-16,1.0000000763724636e-16,0.7869386380810196,1.0000000763724636e-16,0.2870345979283767,1.0000000763724636e-16,0.2128614382761697,1.0000000763724636e-16,1.073973473181871,1.4997
K2SO4,5.0,0.000102,0.00020390705871595256,1.0000000007953314e-16,1.0000000007953314e-16,1.0000000007953314e-16,0.00010190678807849548,9.294144639507082e-08,1.0000000007953314e-16,1.0000000007953314e-16,0.0003058577220780052,0.000306
K2SO4,10.0,0.000102,0.00020389751368242304,1.0000000009995836e-16,1.0000000009995836e-16,1.0000000009995836e-16,0.0001018971414403008,1.0248652159203797e-07,1.0000000009995836e-16,1.0000000009995836e-16,0.0003058497660897462,0.000306
K2SO4,25.0,0.000102,0.0002038653147446832,1.000000001857243e-16,1.000000001857243e-16,1.000000001857243e-16,0.00010186438000272948,1.3468563429434873e-07,1.000000001857243e-16,1.000000001857243e-16,0.0003058318487053605,0.000306
K2SO4,35.0,0.000102,0.00020384083205203296,1.0000000026734916e-16,1.0000000026734916e-16,1.0000000026734916e-16,0.00010183915087971733,1.5916849345931307e-07,1.0000000026734916e-16,1.0000000026734916e-16,0.00030582669742452724,0.000306
K2SO4,45.0,0.000102,0.00020381391726221617,1.0000000037205105e-16,1.0000000037205105e-16,1.0000000037205105e-16,0.00010181095155215297,1.8608349686796015e-07,1.0000000037205105e-16,1.0000000037205105e-16,0.00030582841493347556,0.000306
K2SO4,70.0,0.000102,0.00020373608394501654,1.0000000075032851e-16,1.0000000075032851e-16,1.0000000075032851e-16,0.00010172472479137934,2.6391758575363907e-07,1.0000000075032851e-16,1.0000000075032851e-16,0.00030586592931555615,0.000306
K2SO4,90.0,0.000102,0.00020366334182169874,1.0000000118464797e-16,1.0000000118464797e-16,1.0000000118464797e-16,0.00010163238071833917,3.3666059508310223e-07,1.0000000118464797e-16,1.0000000118464797e-16,0.0003059223159148356,0.000306
K2SO4,5.0,0.00105,0.002091678695365557,1.0000000008456457e-16,1.0000000008456457e-16,1.0000000008456457e-16,0.0010416762844481266,8.321306410399373e-06,1.0000000008456457e-16,1.0000000008456457e-16,0.003133399508390353,0.00315
K2SO4,10.0,0.00105,0.002090843555628595,1.000000001065319e-16,1.000000001065319e-16,1.000000001065319e-16,0.001040840251362391,9.156446608674798e-06,1.000000001065319e-16,1.000000001065319e-16,0.00313173963566292,0.00315
K2SO4,25.0,0.00105,0.0020880520817252285,1.0000000019978038e-16,1.0000000019978038e-16,1.0000000019978038e-16,0.0010380438940847572,1.1947922470259807e-05,1.0000000019978038e-16,1.0000000019978038e-16,0.003126198680801368,0.00315
K2SO4,35.0,0.00105,0.0020859556142101923,1.0000000029004722e-16,1.0000000029004722e-16,1.0000000029004722e-16,0.0010359410579429543,1.4044391880899052e-05,1.0000000029004722e-16,1.0000000029004722e-16,0.0031220431131573764,0.00315
K2SO4,45.0,0.00105,0.0020836762406802765,1.0000000040811472e-16,1.0000000040811472e-16,1.0000000040811472e-16,0.0010336509281662271,1.632376789023247e-05,1.0000000040811472e-16,1.0000000040811472e-16,0.0031175283896574227,0.00315
K2SO4,70.0,0.00105,0.0020772295892697184,1.000000008594496e-16,1.000000008594496e-16,1.000000008594496e-16,0.0010271376146710372,2.277042877882288e-05,1.000000008594496e-16,1.000000008594496e-16,0.0031047522863285135,0.00315
K2SO4,90.0,0.00105,0.0020713926199174867,1.0000000143842601e-16,1.0000000143842601e-16,1.0000000143842601e-16,0.0010211581608962899,2.8607410289559504e-05,1.0000000143842601e-16,1.0000000143842601e-16,0.0030931147527708596,0.00315
K2SO4,5.0,0.01061,0.020686932294290736,1.0000000010536705e-16,1.0000000010536705e-16,1.0000000010536705e-16,0.010076916718210151,0.0005330677280682526,1.0000000010536705e-16,1.0000000010536705e-16,0.030763891932873273,0.03183
K2SO4,10.0,0.01061,0.020638067134869806,1.0000000013400358e-16,1.0000000013400358e-16,1.0000000013400358e-16,0.010028046090852146,0.0005819328935658538,1.0000000013400358e-16,1.0000000013400358e-16,0.0306661665762423,0.03183
K2SO4,25.0,0.01061,0.020480151566583882,1.000000002603645e-16,1.000000002603645e-16,1.000000002603645e-16,0.009870102029229338,0.0007398484886655652,1.000000002603645e-16,1.000000002603645e-16,0.030350348604564967,0.03183
K2SO4,35.0,0.01061,0.020366717164651937,1.0000000038951238e-16,1.0000000038951238e-16,1.0000000038951238e-16,0.009756632681519769,0.0008532829180026917,1.0000000038951238e-16,1.0000000038951238e-16,0.030123481607957973,0.03183
K2SO4,45.0,0.01061,0.020248065036970617,1.0000000056783829e-16,1.0000000056783829e-16,1.0000000056783829e-16,0.009637924971561384,0.0009719350835247694,1.0000000056783829e-16,1.0000000056783829e-16,0.029886165188919973,0.03183
K2SO4,70.0,0.01061,0.01993641748415318,1.0000000133709559e-16,1.0000000133709559e-16,1.0000000133709559e-16,0.009325977156657263,0.0012835827995786061,1.0000000133709559e-16,1.0000000133709559e-16,0.029262696626357037,0.03183
K2SO4,90.0,0.01061,0.019681339230681612,1.0000000248874518e-16,1.0000000248874518e-16,1.0000000248874518e-16,0.009070357963543826,0.0015386612974302163,1.0000000248874518e-16,1.0000000248874518e-16,0.028752097599438798,0.03183
K2SO4,5.0,0.1048,0.18973681519904312,1.000000001692557e-16,1.000000001692557e-16,1.000000001692557e-16,0.08493675736118456,0.019863185155716938,1.000000001692557e-16,1.000000001692557e-16,0.2746736088471838,0.3144
K2SO4,10.0,0.1048,0.18830549207704306,1.0000000021762484e-16,1.0000000021762484e-16,1.0000000021762484e-16,0.08350541568765839,0.021294508379098732,1.0000000021762484e-16,1.0000000021762484e-16,0.27181095239869574,0.3144
K2SO4,25.0,0.1048,0.1840060651467982,1.0000000043862742e-16,1.0000000043862742e-16,1.0000000043862742e-16,0.07920589799681653,0.025593935772564996,1.0000000043862742e-16,1.0000000043862742e-16,0.26321203991879194,0.3144
K2SO4,35.0,0.1048,0.18119034925994806,1.000000006738006e-16,1.000000006738006e-16,1.000000006738006e-16,0.07639007843756035,0.028409652152338136,1.000000006738006e-16,1.000000006738006e-16,0.25758053158247435,0.3144
K2SO4,45.0,0.1048,0.178457911047169,1.0000000100905392e-16,1.0000000100905392e-16,1.0000000100905392e-16,0.07365748466409251,0.031142091067808162,1.0000000100905392e-16,1.0000000100905392e-16,0.25211553047332896,0.3144
K2SO4,70.0,0.1048,0.17216019980936167,1.0000000252847413e-16,1.0000000252847413e-16,1.0000000252847413e-16,0.06735901372586314,0.037439805490320215,1.0000000252847413e-16,1.0000000252847413e-16,0.23951943356189132,0.3144
K2SO4,90.0,0.1048,0.16780025464986686,1.0000000488733947e-16,1.0000000488733947e-16,1.0000000488733947e-16,0.06299782011272367,0.04179975559399678,1.0000000488733947e-16,1.0000000488733947e-16,0.2307983581246055,0.3144
K2SO4,5.0,0.2029,0.3543344213884223,1.0000000019705718e-16,1.0000000019705718e-16,1.0000000019705718e-16,0.15143434593166136,0.051465579411235904,1.0000000019705718e-16,1.0000000019705718e-16,0.5057688016421471,0.6087
K2SO4,10.0,0.2029,0.35100623390159874,1.0000000025365507e-16,1.0000000025365507e-16,1.0000000025365507e-16,0.14810613476481616,0.054793767127733574,1.0000000025365507e-16,1.0000000025365507e-16,0.49911241083863506,0.6087
K2SO4,25.0,0.2029,0.3412720703174383,1.000000005130616e-16,1.000000005130616e-16,1.000000005130616e-16,0.13837185681351366,0.06452793176456581,1.000000005130616e-16,1.000000005130616e-16,0.4796439994491213,0.6087
K2SO4,35.0,0.2029,0.33510174544907445,1.000000007899463e-16,1.000000007899463e-16,1.000000007899463e-16,0.13220140306367706,0.0706982577565277,1.000000007899463e-16,1.000000007899463e-16,0.46730324619945945,0.6087
K2SO4,45.0,0.2029,0.32926241504632153,1.0000000118541593e-16,1.0000000118541593e-16,1.0000000118541593e-16,0.12636188122254102,0.07653758976409643,1.0000000118541593e-16,1.0000000118541593e-16,0.45562442282983,0.6087
K2SO4,70.0,0.2029,0.3163459258090165,1.0000000298093261e-16,1.0000000298093261e-16,1.0000000298093261e-16,0.1134444716573202,0.08945408628760813,1.0000000298093261e-16,1.0000000298093261e-16,0.4297906039658675,0.6087
K2SO4,90.0,0.2029,0.3078516198737481,1.0000000576809755e-16,1.0000000576809755e-16,1.0000000576809755e-16,0.10494867303709986,0.09794840353319195,1.0000000576809755e-16,1.0000000576809755e-16,0.41280055943040406,0.6087
K2SO4,5.0,0.4783,0.7885335676316396,1.0000000023035557e-16,1.0000000023035557e-16,1.0000000023035557e-16,0.3102334716047824,0.1680664345719418,1.0000000023035557e-16,1.0000000023035557e-16,1.098767072173019,1.4349
K2SO4,10.0,0.4783,0.7793735881088256,1.0000000029661707e-16,1.0000000029661707e-16,1.0000000029661707e-16,0.30107346251404793,0.17722641472861353,1.0000000029661707e-16,1.0000000029661707e-16,1.0804470910877357,1.4349
K2SO4,25.0,0.4783,0.7535360683493199,1.0000000060056515e-16,1.0000000060056515e-16,1.0000000060056515e-16,0.2752358015224428,0.20306393739568665,1.0000000060056515e-16,1.0000000060056515e-16,1.0287719392683923,1.4349
K2SO4,35.0,0.4783,0.7378574633573122,1.000000009251505e-16,1.000000009251505e-16,1.000000009251505e-16,0.25955703921192697,0.21874254549267771,1.000000009251505e-16,1.000000009251505e-16,0.9974145963648934,1.4349
K2SO4,45.0,0.4783,0.7234975691642207,1.0000000138870625e-16,1.0000000138870625e-16,1.0000000138870625e-16,0.245196913358186,0.23310244412014333,1.0000000138870625e-16,1.0000000138870625e-16,0.9686946041768556,1.4349
K2SO4,70.0,0.4783,0.6933456983746591,1.0000000349033588e-16,1.0000000349033588e-16,1.0000000349033588e-16,0.215043943856592,0.2632543350138941,1.0000000349033588e-16,1.0000000349033588e-16,0.9083898417608651,1.4349
K2SO4,90.0,0.4783,0.6747619677703391,1.0000000674308088e-16,1.0000000674308088e-16,1.0000000674308088e-16,0.19645845189197594,0.28183809673397275,1.0000000674308088e-16,1.0000000674308088e-16,0.8712206788652023,1.4349
